id,nome,calorias,proteinas,carboidratos,quantidade_base,Categoria
1134," Mamão verde, doce em calda, dredo",209.376,0.316667,57.6367,100,"Frutas e derivados"
1135," Mamão, doce em calda, dredo",195.627,0.19375,54.0036,100,"Frutas e derivados"
1136,"Abacate, cru",96.1547,1.23913,6.03087,100,"Frutas e derivados"
1137,"Abacaxi, cru",48.3222,0.858696,12.3346,100,"Frutas e derivados"
1138,"Abacaxi, polpa, congelada",30.5918,0.466667,7.79867,100,"Frutas e derivados"
1139,"Abadejo, filé, congelado, assado",111.616,23.525,0,100,"Pescados e frutos do mar"
1140,"Abadejo, filé, congelado, cru",59.113,13.0833,0,100,"Pescados e frutos do mar"
1141,"Abadejo, filé, congelado, grelhado",129.644,27.6104,0,100,"Pescados e frutos do mar"
1142,"Abadejo, filé, congelado,cozido",91.1035,19.3458,0,100,"Pescados e frutos do mar"
1143,"Abiu, cru",62.4241,0.833333,14.927,100,"Frutas e derivados"
1144,"Abóbora, cabotian, cozida",48.0437,1.44375,10.7609,100,"Verduras, hortaliças e derivados"
1145,"Abóbora, cabotian, crua",38.5993,1.74638,8.36029,100,"Verduras, hortaliças e derivados"
1146,"Abóbora, menina brasileira, crua",13.6057,0.608696,3.3013,100,"Verduras, hortaliças e derivados"
1147,"Abóbora, moranga, crua",12.3644,0.960145,2.66652,100,"Verduras, hortaliças e derivados"
1148,"Abóbora, moranga, refogada",29.0038,0.39375,5.98192,100,"Verduras, hortaliças e derivados"
1149,"Abóbora, pescoço, crua",24.4663,0.670833,6.12283,100,"Verduras, hortaliças e derivados"
1150,"Abobrinha, italia, cozida",15.0385,1.125,2.977,100,"Verduras, hortaliças e derivados"
1151,"Abobrinha, italia, crua",19.2791,1.1413,4.29203,100,"Verduras, hortaliças e derivados"
1152,"Abobrinha, italia, refogada",24.4296,1.06875,4.18692,100,"Verduras, hortaliças e derivados"
1153,"Abobrinha, paulista, crua",30.8107,0.639583,7.86742,100,"Verduras, hortaliças e derivados"
1154,"Açaí, polpa, com xarope de guaraná e glucose",110.298,0.720833,21.4552,100,"Frutas e derivados"
1155,"Açaí, polpa, congelada",58.0454,0.797917,6.20842,100,"Frutas e derivados"
1156,Acarajé,289.212,8.34583,19.1138,100,"Alimentos preparados"
1157,"Acelga, crua",20.9423,1.44375,4.63092,100,"Verduras, hortaliças e derivados"
1158,"Acerola, crua",33.4623,0.90625,7.96642,100,"Frutas e derivados"
1159,"Acerola, polpa, congelada",21.9368,0.591667,5.54133,100,"Frutas e derivados"
1160,"Achocolatado, pó",401.02,4.20333,91.1767,100,"Produtos açucarados"
1161,"Açúcar, cristal",386.846,0.32,99.61,100,"Produtos açucarados"
1162,"Açúcar, mascavo",368.555,0.758333,94.45,100,"Produtos açucarados"
1163,"Açúcar, refinado",386.575,0.32,99.54,100,"Produtos açucarados"
1164,"Agrião, cru",16.5788,2.68841,2.25159,100,"Verduras, hortaliças e derivados"
1165,"Aipo, cru",19.0915,0.758333,4.27233,100,"Verduras, hortaliças e derivados"
1166,"Alface, americana, crua",8.7949,0.608333,1.74533,100,"Verduras, hortaliças e derivados"
1167,"Alface, crespa, crua",10.6809,1.34783,1.69551,100,"Verduras, hortaliças e derivados"
1168,"Alface, lisa, crua",13.8209,1.68841,2.42826,100,"Verduras, hortaliças e derivados"
1169,"Alface, roxa, crua",12.717,0.90625,2.49342,100,"Verduras, hortaliças e derivados"
1170,"Alfavaca, crua",29.1836,2.65833,5.241,100,"Verduras, hortaliças e derivados"
1171,"Alho, cru",113.13,7.01087,23.9058,100,"Verduras, hortaliças e derivados"
1172,"Alho-poró, cru",31.5079,1.4125,6.87817,100,"Verduras, hortaliças e derivados"
1173,"Almeirão, cru",18.0344,1.76812,3.33522,100,"Verduras, hortaliças e derivados"
1174,"Almeirão, refogado",65.0819,1.70417,5.7015,100,"Verduras, hortaliças e derivados"
1175,"Ameixa, calda, enlatada ",182.847,0.408333,46.8927,100,"Frutas e derivados"
1176,"Ameixa, crua",52.5425,0.771739,13.8516,100,"Frutas e derivados"
1177,"Ameixa, em calda, enlatada, dreda ",177.359,1.025,47.658,100,"Frutas e derivados"
1178,"Amêndoa, torrada, salgada",580.747,18.5548,29.5472,100,"Nozes e sementes"
1179,"Amendoim, grão, cru",544.053,27.1908,20.3135,100,"Leguminosas e derivados"
1180,"Amendoim, torrado, salgado",605.781,22.4752,18.7025,100,"Leguminosas e derivados"
1181,Apresuntado,128.857,13.45,2.862,100,"Carnes e derivados"
1182,"Arroz carreteiro",153.772,10.8292,11.5848,100,"Alimentos preparados"
1183,"Arroz, integral, cozido",123.535,2.58825,25.8097,100,"Cereais e derivados"
1184,"Arroz, integral, cru",359.678,7.32329,77.4507,100,"Cereais e derivados"
1185,"Arroz, tipo 1, cozido",128.258,2.52082,28.0599,100,"Cereais e derivados"
1186,"Arroz, tipo 1, cru",357.789,7.15854,78.7595,100,"Cereais e derivados"
1187,"Arroz, tipo 2, cozido",130.12,2.56842,28.1926,100,"Cereais e derivados"
1188,"Arroz, tipo 2, cru",358.117,7.24188,78.8814,100,"Cereais e derivados"
1189,"Atemóia, crua",96.9716,0.970833,25.3322,100,"Frutas e derivados"
1190,"Atum, conserva em óleo",165.911,26.1875,0,100,"Pescados e frutos do mar"
1191,"Atum, fresco, cru",117.501,25.68,0,100,"Pescados e frutos do mar"
1192,"Aveia, flocos, crua",393.823,13.921,66.6356,100,"Cereais e derivados"
1193,"Azeite, de dendê",884,0,0,100,"Frutas e derivados"
1194,"Azeite, de oliva, exa virgem",884,0,0,100,"Frutas e derivados"
1195,"Azeito, preta, conserva",194.154,1.1625,5.5445,100,"Outros alimentos industrializados"
1196,"Azeito, verde, conserva",136.936,0.947917,4.10175,100,"Outros alimentos industrializados"
1197,"Bacalhau, salgado, cru",135.893,29.0367,0,100,"Pescados e frutos do mar"
1198,"Bacalhau, salgado, refogado",139.661,23.9792,1.22417,100,"Pescados e frutos do mar"
1199,"Baião de dois, arroz e feijão-de-corda",135.681,6.23958,20.4177,100,"Alimentos preparados"
1200,"Banana, da terra, crua",128.024,1.43478,33.6652,100,"Frutas e derivados"
1201,"Banana, doce em barra",280.105,2.16875,75.6666,100,"Frutas e derivados"
1202,"Banana, figo, crua",105.083,1.13125,27.8044,100,"Frutas e derivados"
1203,"Banana, maçã, crua",86.8053,1.75362,22.3364,100,"Frutas e derivados"
1204,"Banana, nanica, crua",91.5288,1.39855,23.8481,100,"Frutas e derivados"
1205,"Banana, ouro, crua",112.366,1.48188,29.3414,100,"Frutas e derivados"
1206,"Banana, pacova, crua",77.9095,1.22708,20.3126,100,"Frutas e derivados"
1207,"Banana, prata, crua",98.2497,1.26812,25.9569,100,"Frutas e derivados"
1208,Barreado,164.975,18.2687,0.23625,100,"Alimentos preparados"
1209,"Batata, baroa, cozida",80.1198,0.852083,18.9476,100,"Verduras, hortaliças e derivados"
1210,"Batata, baroa, crua",100.985,1.0471,23.9829,100,"Verduras, hortaliças e derivados"
1211,"Batata, doce, cozida",76.7596,0.641667,18.4223,100,"Verduras, hortaliças e derivados"
1212,"Batata, doce, crua",118.241,1.25725,28.1961,100,"Verduras, hortaliças e derivados"
1213,"Batata, frita, tipo chips, indusializada",542.735,5.58333,51.2223,100,"Verduras, hortaliças e derivados"
1214,"Batata, inglesa, cozida",51.5885,1.16458,11.9438,100,"Verduras, hortaliças e derivados"
1215,"Batata, inglesa, crua",64.3702,1.77174,14.6883,100,"Verduras, hortaliças e derivados"
1216,"Batata, inglesa, frita",267.157,4.96667,35.6403,100,"Verduras, hortaliças e derivados"
1217,"Batata, inglesa, sauté",67.8879,1.29167,14.093,100,"Verduras, hortaliças e derivados"
1218,"Bebida isotônica, sabores variados",25.6133,0,6.40333,100,Bebidas
1219,"Bebida láctea, pêssego",55.1648,2.13333,7.57,100,"Leite e derivados"
1220,"Berinjela, cozida",18.8453,0.677083,4.46825,100,"Verduras, hortaliças e derivados"
1221,"Berinjela, crua",19.6278,1.22101,4.42899,100,"Verduras, hortaliças e derivados"
1222,"Beterraba, cozida",32.1543,1.29375,7.23492,100,"Verduras, hortaliças e derivados"
1223,"Beterraba, crua",48.8285,1.94565,11.111,100,"Verduras, hortaliças e derivados"
1224,"Bife à cavalo, com cona filé",291.23,23.6604,0,100,"Alimentos preparados"
1225,"Biscoito, doce, maise",442.819,8.07252,75.2341,100,"Cereais e derivados"
1226,"Biscoito, doce, recheado com chocolate",471.825,6.39722,70.5494,100,"Cereais e derivados"
1227,"Biscoito, doce, recheado com morango",471.175,5.71983,71.0135,100,"Cereais e derivados"
1228,"Biscoito, doce, wafer, recheado de chocolate",502.457,5.56452,67.5355,100,"Cereais e derivados"
1229,"Biscoito, doce, wafer, recheado de morango",513.446,4.51704,67.353,100,"Cereais e derivados"
1230,"Biscoito, polvilho doce",437.549,1.29167,80.5353,100,"Verduras, hortaliças e derivados"
1231,"Biscoito, salgado, cream cracker",431.732,10.0551,68.7315,100,"Cereais e derivados"
1232,"Bolinho de arroz",273.514,8.03958,41.6828,100,"Alimentos preparados"
1233,"Bolo, mistura para",418.633,6.15942,84.7139,100,"Cereais e derivados"
1234,"Bolo, pronto, aipim",323.852,4.41667,47.864,100,"Cereais e derivados"
1235,"Bolo, pronto, chocolate",410.014,6.22292,54.7178,100,"Cereais e derivados"
1236,"Bolo, pronto, coco",333.438,5.66667,52.276,100,"Cereais e derivados"
1237,"Bolo, pronto, milho",311.387,4.80417,45.1088,100,"Cereais e derivados"
1238,"Brócolis, cozido",24.6362,2.13333,4.36667,100,"Verduras, hortaliças e derivados"
1239,"Brócolis, cru",25.4951,3.64493,4.02507,100,"Verduras, hortaliças e derivados"
1240,"Cação, posta, com farinha de igo, frita",208.333,24.9521,3.10058,100,"Pescados e frutos do mar"
1241,"Cação, posta, cozida",116.014,25.5896,0,100,"Pescados e frutos do mar"
1242,"Cação, posta, crua",83.333,17.8542,0,100,"Pescados e frutos do mar"
1243,"Cacau, cru",74.2915,0.954167,19.4112,100,"Frutas e derivados"
1244,"Café, infusão 10%",9.07087,0.7125,1.47867,100,Bebidas
1245,"Café, pó, torrado",418.619,14.7,65.7533,100,Miscelâneas
1246,"Cajá, polpa, congelada",26.3323,0.589583,6.37442,100,"Frutas e derivados"
1247,"Cajá-Manga, cru",45.581,1.27917,11.4342,100,"Frutas e derivados"
1248,"Caju, cru",43.0651,0.971014,10.289,100,"Frutas e derivados"
1249,"Caju, polpa, congelada",36.5687,0.48125,9.35075,100,"Frutas e derivados"
1250,"Caju, suco concenado, envasado",45.1086,0.404167,10.7338,100,"Frutas e derivados"
1251,"Caldo de carne, tablete",240.623,7.82,15.0533,100,"Carnes e derivados"
1252,"Caldo de galinha, tablete",251.446,6.27917,10.6455,100,"Carnes e derivados"
1253,"Camarão à baia",100.783,7.94167,3.17367,100,"Alimentos preparados"
1254,"Camarão, Rio Grande, grande, cozido",90.0137,18.9667,0,100,"Pescados e frutos do mar"
1255,"Camarão, Rio Grande, grande, cru",47.1834,9.99167,0,100,"Pescados e frutos do mar"
1256,"Camarão, Sete Barbas, sem cabeça, com casca, frito",231.246,18.3875,2.87983,100,"Pescados e frutos do mar"
1257,"Cana, aguardente 1",215.662,0,0,100,Bebidas
1258,"Cana, caldo de",65.3436,0,18.151,100,Bebidas
1259,"Canjica, branca, crua",357.603,7.2,78.061,100,"Cereais e derivados"
1260,"Canjica, com leite integral",112.457,2.3606,23.6277,100,"Cereais e derivados"
1261,"Capuccino, pó",417.407,11.3125,73.6142,100,Miscelâneas
1262,"Caqui, chocolate, cru",71.35,0.35625,19.3258,100,"Frutas e derivados"
1263,"Cará, cozido",77.5849,1.52917,18.8525,100,"Verduras, hortaliças e derivados"
1264,"Cará, cru",95.6331,2.28261,22.9541,100,"Verduras, hortaliças e derivados"
1265,"Carambola, crua",45.7409,0.870833,11.4815,100,"Frutas e derivados"
1266,"Caranguejo, cozido",82.7215,18.4792,0,100,"Pescados e frutos do mar"
1267,"Carne, bovina, acém, moído, cozido",212.42,26.6867,0,100,"Carnes e derivados"
1268,"Carne, bovina, acém, moído, cru",136.562,19.42,0,100,"Carnes e derivados"
1269,"Carne, bovina, acém, sem gordura, cozido",214.611,27.27,0,100,"Carnes e derivados"
1270,"Carne, bovina, acém, sem gordura, cru",144.029,20.8167,0,100,"Carnes e derivados"
1271,"Carne, bovina, almôndegas, cruas",189.257,12.3125,9.79417,100,"Carnes e derivados"
1272,"Carne, bovina, almôndegas, fritas",271.813,18.1562,14.2867,100,"Carnes e derivados"
1273,"Carne, bovina, bucho, cozido",133.023,21.64,0,100,"Carnes e derivados"
1274,"Carne, bovina, bucho, cru",137.303,20.53,0,100,"Carnes e derivados"
1275,"Carne, bovina, capa de contra-filé, com gordura, crua",216.909,19.1967,0,100,"Carnes e derivados"
1276,"Carne, bovina, capa de contra-filé, com gordura, grelhada",311.703,30.6867,0,100,"Carnes e derivados"
1277,"Carne, bovina, capa de contra-filé, sem gordura, crua",131.062,21.54,0,100,"Carnes e derivados"
1278,"Carne, bovina, capa de contra-filé, sem gordura, grelhada",239.444,35.0633,-0.00666667,100,"Carnes e derivados"
1279,"Carne, bovina, charque, cozido",262.78,36.3646,0,100,"Carnes e derivados"
1280,"Carne, bovina, charque, cru",248.861,22.7146,0,100,"Carnes e derivados"
1281,"Carne, bovina, contra-filé de costela, cru",202.437,19.8,0,100,"Carnes e derivados"
1282,"Carne, bovina, contra-filé de costela, grelhado",274.914,29.88,0,100,"Carnes e derivados"
1283,"Carne, bovina, contra-filé, à milanesa",351.593,20.6125,12.1745,100,"Carnes e derivados"
1284,"Carne, bovina, contra-filé, com gordura, cru",205.857,21.15,0,100,"Carnes e derivados"
1285,"Carne, bovina, contra-filé, com gordura, grelhado",278.054,32.3967,0,100,"Carnes e derivados"
1286,"Carne, bovina, contra-filé, sem gordura, cru",156.616,23.9967,0,100,"Carnes e derivados"
1287,"Carne, bovina, contra-filé, sem gordura, grelhado",193.692,35.8833,0,100,"Carnes e derivados"
1288,"Carne, bovina, costela, assada",373.039,28.8067,0,100,"Carnes e derivados"
1289,"Carne, bovina, costela, crua",357.722,16.7067,0,100,"Carnes e derivados"
1290,"Carne, bovina, coxão duro, sem gordura, cozido",216.616,31.88,0,100,"Carnes e derivados"
1291,"Carne, bovina, coxão duro, sem gordura, cru",147.966,21.5133,0,100,"Carnes e derivados"
1292,"Carne, bovina, coxão mole, sem gordura, cozido",218.675,32.3833,0,100,"Carnes e derivados"
1293,"Carne, bovina, coxão mole, sem gordura, cru",169.066,21.23,0,100,"Carnes e derivados"
1294,"Carne, bovina, cupim, assado",330.1,28.6313,0,100,"Carnes e derivados"
1295,"Carne, bovina, cupim, cru",221.398,19.5367,0,100,"Carnes e derivados"
1296,"Carne, bovina, fígado, cru",141.046,20.7133,1.10667,100,"Carnes e derivados"
1297,"Carne, bovina, fígado, grelhado",225.026,29.86,4.2,100,"Carnes e derivados"
1298,"Carne, bovina, filé mingnon, sem gordura, cru",142.864,21.6,0,100,"Carnes e derivados"
1299,"Carne, bovina, filé mingnon, sem gordura, grelhado",219.703,32.8,0,100,"Carnes e derivados"
1300,"Carne, bovina, flanco, sem gordura, cozido",195.575,29.3767,0,100,"Carnes e derivados"
1301,"Carne, bovina, flanco, sem gordura, cru",141.46,19.9967,0,100,"Carnes e derivados"
1302,"Carne, bovina, fraldinha, com gordura, cozida",338.446,24.24,0,100,"Carnes e derivados"
1303,"Carne, bovina, fraldinha, com gordura, crua",220.724,17.5833,0,100,"Carnes e derivados"
1304,"Carne, bovina, lagarto, cozido",222.469,32.8633,0,100,"Carnes e derivados"
1305,"Carne, bovina, lagarto, cru",134.865,20.5433,0,100,"Carnes e derivados"
1306,"Carne, bovina, língua, cozida",314.902,21.3667,0,100,"Carnes e derivados"
1307,"Carne, bovina, língua, crua",215.25,17.09,0,100,"Carnes e derivados"
1308,"Carne, bovina, maminha, crua",152.766,20.9333,0,100,"Carnes e derivados"
1309,"Carne, bovina, maminha, grelhada",153.09,30.7354,0,100,"Carnes e derivados"
1310,"Carne, bovina, miolo de alcatra, sem gordura, cru",162.871,21.61,0,100,"Carnes e derivados"
1311,"Carne, bovina, miolo de alcatra, sem gordura, grelhado",241.364,31.93,0,100,"Carnes e derivados"
1312,"Carne, bovina, músculo, sem gordura, cozido",193.8,31.2333,0,100,"Carnes e derivados"
1313,"Carne, bovina, músculo, sem gordura, cru",141.581,21.56,0,100,"Carnes e derivados"
1314,"Carne, bovina, paleta, com gordura, crua",158.71,21.41,0,100,"Carnes e derivados"
1315,"Carne, bovina, paleta, sem gordura, cozida",193.652,29.72,0,100,"Carnes e derivados"
1316,"Carne, bovina, paleta, sem gordura, crua",140.941,21.03,0,100,"Carnes e derivados"
1317,"Carne, bovina, patinho, sem gordura, cru",133.469,21.7233,0,100,"Carnes e derivados"
1318,"Carne, bovina, patinho, sem gordura, grelhado",219.259,35.9,0,100,"Carnes e derivados"
1319,"Carne, bovina, peito, sem gordura, cozido",338.473,22.2467,0,100,"Carnes e derivados"
1320,"Carne, bovina, peito, sem gordura, cru",259.276,17.5567,0,100,"Carnes e derivados"
1321,"Carne, bovina, picanha, com gordura, crua",212.879,18.8233,0,100,"Carnes e derivados"
1322,"Carne, bovina, picanha, com gordura, grelhada",288.767,26.4208,0,100,"Carnes e derivados"
1323,"Carne, bovina, picanha, sem gordura, crua",133.522,21.25,0,100,"Carnes e derivados"
1324,"Carne, bovina, picanha, sem gordura, grelhada",238.468,31.9067,0,100,"Carnes e derivados"
1325,"Carne, bovina, seca, cozida",312.799,26.9312,0,100,"Carnes e derivados"
1326,"Carne, bovina, seca, crua",312.748,19.6583,0,100,"Carnes e derivados"
1327,"Caruru, cru",34.0316,3.2,5.974,100,"Verduras, hortaliças e derivados"
1328,"Castanha-de-caju, torrada, salgada",570.168,18.5094,29.135,100,"Nozes e sementes"
1329,"Castanha-do-Brasil, crua",642.963,14.5363,15.0787,100,"Nozes e sementes"
1330,"Catalonha, crua",23.8884,1.86875,4.75225,100,"Verduras, hortaliças e derivados"
1331,"Catalonha, refogada",63.4493,1.95,4.80933,100,"Verduras, hortaliças e derivados"
1332,"Cebola, crua",39.42,1.71014,8.85319,100,"Verduras, hortaliças e derivados"
1333,"Cebolinha, crua",19.5159,1.86594,3.37072,100,"Verduras, hortaliças e derivados"
1334,"Cenoura, cozida",29.8618,0.847917,6.68675,100,"Verduras, hortaliças e derivados"
1335,"Cenoura, crua",34.1354,1.32246,7.66,100,"Verduras, hortaliças e derivados"
1336,"Cereais, milho, flocos, com sal",369.6,7.29167,80.835,100,"Cereais e derivados"
1337,"Cereais, milho, flocos, sem sal",363.338,6.875,80.4483,100,"Cereais e derivados"
1338,"Cereais, mingau, milho, infantil",394.428,6.43116,87.2655,100,"Cereais e derivados"
1339,"Cereais, mistura para vitami, trigo, cevada e aveia",381.133,8.89583,81.6175,100,"Cereais e derivados"
1340,"Cereal matinal, milho",365.354,7.1558,83.8242,100,"Cereais e derivados"
1341,"Cereal matinal, milho, açúcar",376.555,4.74275,88.8406,100,"Cereais e derivados"
1342,"Cerveja, pilsen 2",40.7202,0.5625,3.3175,100,Bebidas
1343,"Chá, erva-doce, infusão 5%",1.39706,0,0.391333,100,Bebidas
1344,"Chá, mate, infusão 5%",2.73075,0,0.643,100,Bebidas
1345,"Chá, preto, infusão 5%",2.24791,0,0.629667,100,Bebidas
1346,"Chantilly, spray, com gordura vegetal",314.956,0.525,16.855,100,"Outros alimentos industrializados"
1347,"Charuto, de repolho",78.2347,6.77917,10.1332,100,"Alimentos preparados"
1348,"Chicória, crua",13.8371,1.13768,2.85333,100,"Verduras, hortaliças e derivados"
1349,"Chocolate, ao leite",539.587,7.22,59.5767,100,"Produtos açucarados"
1350,"Chocolate, ao leite, com castanha do Pará",558.876,7.4125,55.3768,100,"Produtos açucarados"
1351,"Chocolate, ao leite, dietético",556.824,6.89792,56.3234,100,"Produtos açucarados"
1352,"Chocolate, meio amargo",474.918,4.86244,62.4229,100,"Produtos açucarados"
1353,"Chuchu, cozido",18.5398,0.414583,4.79342,100,"Verduras, hortaliças e derivados"
1354,"Chuchu, cru",16.9789,0.699275,4.13739,100,"Verduras, hortaliças e derivados"
1355,"Ciriguela, crua",75.5941,1.39792,18.8574,100,"Frutas e derivados"
1356,"Cocada branca",448.845,1.12183,81.3832,100,"Produtos açucarados"
1357,"Coco, água de",21.5086,0,5.28467,100,Bebidas
1358,"Coco, cru",406.487,3.69183,10.4017,100,"Nozes e sementes"
1359,"Coeno, folhas desidratadas",309.071,20.875,47.955,100,"Verduras, hortaliças e derivados"
1360,"Corimba, cru",128.155,17.3667,-0.0266667,100,"Pescados e frutos do mar"
1361,"Corimbatá, assado",261.452,19.8979,0,100,"Pescados e frutos do mar"
1362,"Corimbatá, cozido",238.696,20.1313,0,100,"Pescados e frutos do mar"
1363,"Corvina de água doce, crua",101.009,18.9167,0,100,"Pescados e frutos do mar"
1364,"Corvina do mar, crua",94,18.57,0,100,"Pescados e frutos do mar"
1365,"Corvina grande, assada",146.528,26.7667,0,100,"Pescados e frutos do mar"
1366,"Corvina grande, cozida",100.078,23.4375,0,100,"Pescados e frutos do mar"
1367,"Couve, manteiga, crua",27.0567,2.87319,4.33348,100,"Verduras, hortaliças e derivados"
1368,"Couve, manteiga, refogada ",90.3448,1.66667,8.70767,100,"Verduras, hortaliças e derivados"
1369,"Couve-flor, cozida",19.1141,1.23958,3.87542,100,"Verduras, hortaliças e derivados"
1370,"Couve-flor, crua",22.5633,1.9058,4.51754,100,"Verduras, hortaliças e derivados"
1371,"Coxinha de frango, frita",283.048,9.61042,34.5206,100,"Carnes e derivados"
1372,"Creme de arroz, pó",386.001,7.02695,83.8694,100,"Cereais e derivados"
1373,"Creme de Leite",221.484,1.50781,4.50953,100,"Leite e derivados"
1374,"Creme de milho, pó",333.034,4.82083,86.1485,100,"Cereais e derivados"
1375,"Croquete, de carne, cru",245.772,12.0437,13.9496,100,"Carnes e derivados"
1376,"Croquete, de carne, frito",346.742,16.8625,18.1462,100,"Carnes e derivados"
1377,"Cupuaçu, cru",49.4226,1.16042,10.4336,100,"Frutas e derivados"
1378,"Cupuaçu, polpa, congelada",48.7969,0.84375,11.3869,100,"Frutas e derivados"
1379,"Curau, milho verde",78.4338,2.3606,13.9444,100,"Cereais e derivados"
1380,"Curau, milho verde, mistura para",402.287,2.22292,79.8164,100,"Cereais e derivados"
1381,"Cuscuz, de milho, cozido com sal",113.459,2.15625,25.2814,100,"Alimentos preparados"
1382,"Cuscuz, paulista",142.123,2.55833,22.5137,100,"Alimentos preparados"
1383,"Cuxá, molho",80.0916,5.64375,5.73892,100,"Alimentos preparados"
1384,Dobradinha,124.5,19.7729,0,100,"Alimentos preparados"
1385,"Doce, de abóbora, cremoso",198.936,0.916667,54.6133,100,"Produtos açucarados"
1386,"Doce, de leite, cremoso",306.31,5.47829,59.4934,100,"Produtos açucarados"
1387,"Dourada de água doce, fresca",131.208,18.8104,0,100,"Pescados e frutos do mar"
1388,"Empada de frango, pré-cozida, assada",358.192,6.94375,47.4929,100,"Carnes e derivados"
1389,"Empada, de frango, pré-cozida",377.48,7.34375,35.5289,100,"Carnes e derivados"
1390,"Ervilha, em vagem",88.0936,7.45208,14.2276,100,"Leguminosas e derivados"
1391,"Ervilha, enlatada, drenada",73.8447,4.59783,13.4422,100,"Leguminosas e derivados"
1392,"Espifre, Nova Zelândia, cru",16.0957,1.99638,2.57362,100,"Verduras, hortaliças e derivados"
1393,"Espifre, Nova Zelândia, refogado",67.2537,2.71875,4.23858,100,"Verduras, hortaliças e derivados"
1394,"Estrogonofe de carne",173.141,15.0312,2.97542,100,"Alimentos preparados"
1395,"Estrogonofe de frango",156.806,17.5521,2.59392,100,"Alimentos preparados"
1396,"Farinha, de arroz, enriquecida",363.056,1.26933,85.504,100,"Cereais e derivados"
1397,"Farinha, de centeio, integral",335.778,12.5151,73.2983,100,"Cereais e derivados"
1398,"Farinha, de mandioca, crua",360.87,1.55435,87.899,100,"Verduras, hortaliças e derivados"
1399,"Farinha, de mandioca, torrada",365.269,1.22917,89.1942,100,"Verduras, hortaliças e derivados"
1400,"Farinha, de mesocarpo de babaçu, crua",328.771,1.40627,79.1731,100,"Nozes e sementes"
1401,"Farinha, de milho, amarela",350.587,7.1875,79.0792,100,"Cereais e derivados"
1402,"Farinha, de puba",360.18,1.61667,87.2853,100,"Verduras, hortaliças e derivados"
1403,"Farinha, de rosca",370.578,11.381,75.7857,100,"Cereais e derivados"
1404,"Farinha, de trigo",360.473,9.79078,75.0926,100,"Cereais e derivados"
1405,"Farinha, láctea, de cereais",414.851,11.8791,77.7709,100,"Cereais e derivados"
1406,"Fécula, de mandioca",330.851,0.520833,81.1492,100,"Verduras, hortaliças e derivados"
1407,"Feijão tropeiro mineiro",151.562,10.1708,19.5818,100,"Alimentos preparados"
1408,"Feijão, broto, cru",38.7232,4.16667,7.75833,100,"Verduras, hortaliças e derivados"
1409,"Feijão, carioca, cozido",76.4241,4.775,13.591,100,"Leguminosas e derivados"
1410,"Feijão, carioca, cru",329.027,19.9819,61.2215,100,"Leguminosas e derivados"
1411,"Feijão, fradinho, cozido",78.0089,5.09375,13.4996,100,"Leguminosas e derivados"
1412,"Feijão, fradinho, cru",339.165,20.2083,61.24,100,"Leguminosas e derivados"
1413,"Feijão, jalo, cozido",92.7399,6.14375,16.4953,100,"Leguminosas e derivados"
1414,"Feijão, jalo, cru",327.905,20.1042,61.4792,100,"Leguminosas e derivados"
1415,"Feijão, preto, cozido",77.0273,4.47917,14.0052,100,"Leguminosas e derivados"
1416,"Feijão, preto, cru",323.566,21.3442,58.7525,100,"Leguminosas e derivados"
1417,"Feijão, rajado, cozido",84.7019,5.5375,15.2675,100,"Leguminosas e derivados"
1418,"Feijão, rajado, cru",325.844,17.2708,62.9292,100,"Leguminosas e derivados"
1419,"Feijão, rosinha, cozido",67.8662,4.53958,11.8228,100,"Leguminosas e derivados"
1420,"Feijão, rosinha, cru",336.962,20.9167,62.2233,100,"Leguminosas e derivados"
1421,"Feijão, roxo, cozido",76.8934,5.72083,12.9082,100,"Leguminosas e derivados"
1422,"Feijão, roxo, cru",331.415,22.1667,59.9867,100,"Leguminosas e derivados"
1423,Feijoada,116.933,8.67083,11.6418,100,"Alimentos preparados"
1424,"Fermento em pó, químico",89.7221,0.475333,43.9113,100,Miscelâneas
1425,"Fermento, biológico, levedura, tablete",89.7949,16.957,7.69867,100,Miscelâneas
1426,"Figo, cru",41.4471,0.967391,10.2459,100,"Frutas e derivados"
1427,"Figo, enlatado, em calda",184.361,0.561594,50.3384,100,"Frutas e derivados"
1428,"Frango, asa, com pele, crua",213.188,18.1,0,100,"Carnes e derivados"
1429,"Frango, caipira, inteiro, com pele, cozido",242.889,23.8833,0,100,"Carnes e derivados"
1430,"Frango, caipira, inteiro, sem pele, cozido",195.76,29.575,0,100,"Carnes e derivados"
1431,"Frango, com açafrão",112.784,9.69792,4.06208,100,"Alimentos preparados"
1432,"Frango, coração, cru",221.503,12.5833,0,100,"Carnes e derivados"
1433,"Frango, coração, grelhado",207.274,22.4396,0.607417,100,"Carnes e derivados"
1434,"Frango, coxa, com pele, assada",215.119,28.4917,0.0583333,100,"Carnes e derivados"
1435,"Frango, coxa, com pele, crua",161.475,17.0933,0,100,"Carnes e derivados"
1436,"Frango, coxa, sem pele, cozida",167.428,26.8583,0,100,"Carnes e derivados"
1437,"Frango, coxa, sem pele, crua",119.947,17.8133,0.02,100,"Carnes e derivados"
1438,"Frango, fígado, cru",106.485,17.5867,-0.0233333,100,"Carnes e derivados"
1439,"Frango, filé, à milanesa",220.873,28.4604,7.51292,100,"Carnes e derivados"
1440,"Frango, inteiro, com pele, cru",226.319,16.4433,0,100,"Carnes e derivados"
1441,"Frango, inteiro, sem pele, assado",187.338,28.025,0,100,"Carnes e derivados"
1442,"Frango, inteiro, sem pele, cozido",170.39,24.9854,0,100,"Carnes e derivados"
1443,"Frango, inteiro, sem pele, cru",129.096,20.5867,0,100,"Carnes e derivados"
1444,"Frango, peito, com pele, assado",211.683,33.4167,0,100,"Carnes e derivados"
1445,"Frango, peito, com pele, cru",149.465,20.78,0,100,"Carnes e derivados"
1446,"Frango, peito, sem pele, cozido",162.875,31.4688,0,100,"Carnes e derivados"
1447,"Frango, peito, sem pele, cru",119.159,21.5267,0,100,"Carnes e derivados"
1448,"Frango, peito, sem pele, grelhado",159.185,32.0333,0,100,"Carnes e derivados"
1449,"Frango, sobrecoxa, com pele, assada",259.605,28.7021,0,100,"Carnes e derivados"
1450,"Frango, sobrecoxa, com pele, crua",254.532,15.46,0,100,"Carnes e derivados"
1451,"Frango, sobrecoxa, sem pele, assada",232.883,29.175,0,100,"Carnes e derivados"
1452,"Frango, sobrecoxa, sem pele, crua",161.796,17.57,0,100,"Carnes e derivados"
1453,"Fruta-pão, crua",67.0456,1.08125,17.1744,100,"Frutas e derivados"
1454,"Gelati, sabores variados, pó",380.223,8.88667,89.2233,100,Miscelâneas
1455,"Geléia, mocotó, tural",106.087,2.125,24.2317,100,"Produtos açucarados"
1456,"Gergelim, semente",583.547,21.1647,21.6177,100,"Nozes e sementes"
1457,"Glicose de milho",292.118,0,79.38,100,"Produtos açucarados"
1458,"Goiaba, branca, com casca, crua",51.7377,0.898551,12.4014,100,"Frutas e derivados"
1459,"Goiaba, doce em pasta",268.96,0.57971,74.1236,100,"Frutas e derivados"
1460,"Goiaba, doce, cascão",285.588,0.414583,78.7028,100,"Frutas e derivados"
1461,"Goiaba, vermelha, com casca, crua",54.1699,1.08696,13.0097,100,"Frutas e derivados"
1462,"Grão-de-bico, cru",354.703,21.2292,57.8842,100,"Leguminosas e derivados"
1463,"Graviola, crua",61.6219,0.845833,15.8395,100,"Frutas e derivados"
1464,"Graviola, polpa, congelada",38.2739,0.566667,9.78267,100,"Frutas e derivados"
1465,"Guandu, cru",344.134,18.9646,64.0004,100,"Leguminosas e derivados"
1466,"Hambúrguer bovinano, cru",214.836,13.1562,4.15375,100,"Carnes e derivados"
1467,"Hambúrguer bovinano, frito",258.283,19.9729,6.32008,100,"Carnes e derivados"
1468,"Hambúrguer bovinano, grelhado",209.832,13.1562,11.3334,100,"Carnes e derivados"
1469,"Inhame, cru",96.6998,2.05072,23.2326,100,"Verduras, hortaliças e derivados"
1470,"Iogurte, natural",51.4895,4.06333,1.91667,100,"Leite e derivados"
1471,"Iogurte, natural, desnatado",41.4927,3.83438,5.77395,100,"Leite e derivados"
1472,"Iogurte, sabor abacaxi",0,0,0,100,"Leite e derivados"
1473,"Iogurte, sabor morango",69.5656,2.71,9.69333,100,"Leite e derivados"
1474,"Iogurte, sabor pêssego",67.8494,2.53,9.43333,100,"Leite e derivados"
1475,"Jabuticaba, crua",58.0532,0.6125,15.2558,100,"Frutas e derivados"
1476,"Jaca, crua",87.9203,1.40208,22.4976,100,"Frutas e derivados"
1477,"Jambo, cru",26.9123,0.885417,6.49425,100,"Frutas e derivados"
1478,"Jamelão, cru",41.0097,0.545833,10.6272,100,"Frutas e derivados"
1479,"Jiló, cru",27.3651,1.40217,6.19116,100,"Verduras, hortaliças e derivados"
1480,"Jurubeba, crua",125.812,4.4125,23.0592,100,"Verduras, hortaliças e derivados"
1481,"Kiwi, cru",51.1363,1.33696,11.4997,100,"Frutas e derivados"
1482,"Lambari, congelado, cru",130.84,16.8125,0,100,"Pescados e frutos do mar"
1483,"Lambari, congelado, frito",326.868,28.425,0,100,"Pescados e frutos do mar"
1484,"Lambari, fresco, cru",151.598,15.6521,0,100,"Pescados e frutos do mar"
1485,"Laranja, baía, crua",45.4381,0.978261,11.4684,100,"Frutas e derivados"
1486,"Laranja, baía, suco",36.6495,0.652174,8.69783,100,"Frutas e derivados"
1487,"Laranja, da terra, crua",51.4711,1.07708,12.8606,100,"Frutas e derivados"
1488,"Laranja, da terra, suco",40.956,0.666667,9.57333,100,"Frutas e derivados"
1489,"Laranja, lima, crua",45.701,1.05625,11.5337,100,"Frutas e derivados"
1490,"Laranja, lima, suco",39.3361,0.714583,9.16742,100,"Frutas e derivados"
1491,"Laranja, pêra, crua",36.7738,1.04348,8.94652,100,"Frutas e derivados"
1492,"Laranja, pêra, suco",32.7098,0.73913,7.5542,100,"Frutas e derivados"
1493,"Laranja, valência, crua",46.1096,0.766667,11.723,100,"Frutas e derivados"
1494,"Laranja, valência, suco",36.1964,0.483333,8.554,100,"Frutas e derivados"
1495,"Lasanha, massa fresca, cozida",163.764,5.8125,32.5222,100,"Cereais e derivados"
1496,"Lasanha, massa fresca, crua",220.306,7.00833,45.0583,100,"Cereais e derivados"
1497,"Leite, condensado",312.573,7.67,56.9967,100,"Leite e derivados"
1498,"Leite, de cabra",66.4157,3.07091,5.24609,100,"Leite e derivados"
1499,"Leite, de coco",166.16,1.01407,2.1946,100,"Outros alimentos industrializados"
1500,"Leite, de vaca, achocolatado",82.821,2.09902,14.1583,100,"Leite e derivados"
1501,"Leite, de vaca, desnatado, pó",361.608,34.69,53.0433,100,"Leite e derivados"
1502,"Leite, de vaca, desnatado, UHT",0,0,0,100,"Leite e derivados"
1503,"Leite, de vaca, integral",0,0,0,100,"Leite e derivados"
1504,"Leite, de vaca, integral, pó",496.65,25.42,39.18,100,"Leite e derivados"
1505,"Leite, fermentado",69.6215,1.89486,15.6745,100,"Leite e derivados"
1506,"Lentilha, cozida",92.6388,6.31042,16.3022,100,"Leguminosas e derivados"
1507,"Lentilha, crua",339.141,23.1522,62.0045,100,"Leguminosas e derivados"
1508,"Limão, cravo, suco",14.1037,0.325,5.24667,100,"Frutas e derivados"
1509,"Limão, galego, suco",22.225,0.565217,7.32145,100,"Frutas e derivados"
1510,"Limão, tahiti, cru",31.8182,0.939583,11.0844,100,"Frutas e derivados"
1511,"Lingüiça, frango, crua",218.109,14.2396,0,100,"Carnes e derivados"
1512,"Lingüiça, frango, frita",245.461,18.3167,0,100,"Carnes e derivados"
1513,"Lingüiça, frango, grelhada",243.659,18.1896,0,100,"Carnes e derivados"
1514,"Lingüiça, porco, crua",227.203,16.0646,0,100,"Carnes e derivados"
1515,"Lingüiça, porco, frita",279.544,20.4521,0,100,"Carnes e derivados"
1516,"Lingüiça, porco, grelhada",296.49,23.1688,0,100,"Carnes e derivados"
1517,"Linhaça, semente",495.096,14.0839,43.3122,100,"Nozes e sementes"
1518,"Maçã, Argentina, com casca, crua",62.5318,0.225,16.588,100,"Frutas e derivados"
1519,"Maçã, Fuji, com casca, crua",55.5152,0.286667,15.1533,100,"Frutas e derivados"
1520,"Macarrão, instantâneo",435.865,8.79168,62.4317,100,"Cereais e derivados"
1521,"Macarrão, molho bolognesa",119.532,4.9343,22.5224,100,"Alimentos preparados"
1522,"Macarrão, trigo, cru",371.123,9.99565,77.9444,100,"Cereais e derivados"
1523,"Macarrão, trigo, cru, com ovos",370.567,10.3208,76.6225,100,"Cereais e derivados"
1524,"Macaúba, crua",404.282,2.0829,13.9454,100,"Frutas e derivados"
1525,"Maionese, adiciol com ovos",302.153,0.58125,7.89975,100,"Outros alimentos industrializados"
1526,"Mamão, Formosa, cru",45.3407,0.815217,11.5548,100,"Frutas e derivados"
1527,"Mamão, Papaia, cru",40.1568,0.45625,10.4397,100,"Frutas e derivados"
1528,"Mandioca, cozida",125.358,0.575,30.09,100,"Verduras, hortaliças e derivados"
1529,"Mandioca, crua",151.417,1.13043,36.1696,100,"Verduras, hortaliças e derivados"
1530,"Mandioca, farofa, temperada",405.694,2.0625,80.3042,100,"Verduras, hortaliças e derivados"
1531,"Mandioca, frita",300.055,1.38125,50.2514,100,"Verduras, hortaliças e derivados"
1532,"Manga, Haden, crua",63.5003,0.408333,16.6627,100,"Frutas e derivados"
1533,"Manga, Palmer, crua",72.4867,0.410417,19.3522,100,"Frutas e derivados"
1534,"Manga, polpa, congelada",48.3059,0.38125,12.5184,100,"Frutas e derivados"
1535,"Manga, Tommy Atkins, crua",50.6922,0.855072,12.7716,100,"Frutas e derivados"
1536,Maniçoba,134.223,9.95833,3.41933,100,"Alimentos preparados"
1537,"Manjericão, cru",21.1477,1.98551,3.64449,100,"Verduras, hortaliças e derivados"
1538,"Manjuba, com farinha de igo, frita",343.55,23.45,10.2403,100,"Pescados e frutos do mar"
1539,"Manjuba, frita",349.325,30.1396,0,100,"Pescados e frutos do mar"
1540,"Manteiga, com sal",725.969,0.4147,0.0633,100,"Frutas e derivados"
1541,"Manteiga, sem sal",757.54,0.39556,0,100,"Frutas e derivados"
1542,"Maracujá, cru",68.4395,1.98913,12.2642,100,"Frutas e derivados"
1543,"Maracujá, polpa, congelada",38.7597,0.8125,9.5975,100,"Frutas e derivados"
1544,"Maracujá, suco concenado, envasado",41.9673,0.766667,9.636,100,"Frutas e derivados"
1545,"Margarina, com óleo hidrogedo, com sal (65% de lipídeos)",596.12,0,0,100,"Frutas e derivados"
1546,"Margarina, com óleo hidrogedo, sem sal (80% de lipídeos)",722.526,0,0,100,"Frutas e derivados"
1547,"Margarina, com óleo interesterificado, com sal (65%de lipídeos)",594.452,0,0,100,"Frutas e derivados"
1548,"Margarina, com óleo interesterificado, sem sal (65% de lipídeos)",593.138,0,0,100,"Frutas e derivados"
1549,"Maria mole",301.236,3.81285,73.5535,100,"Produtos açucarados"
1550,"Maria mole, coco queimado",306.632,3.93495,75.0594,100,"Produtos açucarados"
1551,Marmelada,257.241,0.4,70.7633,100,"Produtos açucarados"
1552,"Maxixe, cru",13.7472,1.3913,2.7287,100,"Verduras, hortaliças e derivados"
1553,"Mel, de abelha",309.243,0,84.0333,100,"Produtos açucarados"
1554,Melado,296.507,0,76.6167,100,"Produtos açucarados"
1555,"Melancia, crua",32.6066,0.884058,8.13928,100,"Frutas e derivados"
1556,"Melão, cru",29.3694,0.677536,7.5258,100,"Frutas e derivados"
1557,"Merluza, filé, assado",121.91,26.6042,0,100,"Pescados e frutos do mar"
1558,"Merluza, filé, cru",89.1309,16.6067,0,100,"Pescados e frutos do mar"
1559,"Merluza, filé, frito",191.627,26.9292,0,100,"Pescados e frutos do mar"
1560,"Mexerica, Murcote, crua",57.5928,0.883333,14.862,100,"Frutas e derivados"
1561,"Mexerica, Rio, crua",36.8713,0.65,9.337,100,"Frutas e derivados"
1562,"Milho, amido, cru",361.367,0.597826,87.1488,100,"Cereais e derivados"
1563,"Milho, fubá, cru",353.482,7.21377,78.8729,100,"Cereais e derivados"
1564,"Milho, verde, cru",138.167,6.58958,28.5557,100,"Cereais e derivados"
1565,"Milho, verde, enlatado, dredo",97.5649,3.22826,17.1351,100,"Cereais e derivados"
1566,"Mingau adiciol, pó",373.421,0.583333,89.3367,100,"Cereais e derivados"
1567,"Morango, cru",30.1479,0.894928,6.81841,100,"Frutas e derivados"
1568,Mortadela,268.82,11.9521,5.81592,100,"Carnes e derivados"
1569,"Mostarda, folha, crua",18.1074,2.11042,3.23658,100,"Verduras, hortaliças e derivados"
1570,"Nabo, cru",18.1866,1.2029,4.1471,100,"Verduras, hortaliças e derivados"
1571,"Nêspera, crua",42.5392,0.308333,11.5287,100,"Frutas e derivados"
1572,"Nhoque, batata, cozido",180.775,5.85833,36.78,100,"Verduras, hortaliças e derivados"
1573,"Noz, crua",620.06,13.9708,18.3639,100,"Nozes e sementes"
1574,"Óleo, de babaçu",884,0,0,100,"Frutas e derivados"
1575,"Óleo, de canola",884,0,0,100,"Frutas e derivados"
1576,"Óleo, de girassol",884,0,0,100,"Frutas e derivados"
1577,"Óleo, de milho",884,0,0,100,"Frutas e derivados"
1578,"Óleo, de pequi",884,0,0,100,"Frutas e derivados"
1579,"Óleo, de soja",884,0,0,100,"Frutas e derivados"
1580,"Omelete, de queijo",268.007,15.5708,0.437167,100,"Ovos e derivados"
1581,"Ovo, de codor, inteiro, cru",176.894,13.6875,0.7725,100,"Ovos e derivados"
1582,"Ovo, de galinha, clara, cozida/10minutos",59.4357,13.4479,0,100,"Ovos e derivados"
1583,"Ovo, de galinha, gema, cozida/10minutos",352.673,15.9,1.56,100,"Ovos e derivados"
1584,"Ovo, de galinha, inteiro, cozido/10minutos",145.7,13.2937,0.614917,100,"Ovos e derivados"
1585,"Ovo, de galinha, inteiro, cru",143.112,13.03,1.63667,100,"Ovos e derivados"
1586,"Ovo, de galinha, inteiro, frito",240.187,15.6167,1.19367,100,"Ovos e derivados"
1587,"Paçoca, amendoim",486.927,15.9958,52.3762,100,"Leguminosas e derivados"
1588,"Palmito, juçara, em conserva",23.1997,1.79167,4.32833,100,"Verduras, hortaliças e derivados"
1589,"Palmito, pupunha, em conserva",29.432,2.45833,5.509,100,"Verduras, hortaliças e derivados"
1590,"Pamonha, barra para cozimento, pré-cozida",171.219,2.55208,30.6849,100,"Cereais e derivados"
1591,"Pão, aveia, forma",343.085,12.35,59.5667,100,"Cereais e derivados"
1592,"Pão, de queijo, assado",363.078,5.12083,34.2415,100,"Verduras, hortaliças e derivados"
1593,"Pão, de queijo, cru",294.538,3.648,38.512,100,"Verduras, hortaliças e derivados"
1594,"Pão, de soja",308.726,11.343,56.5103,100,"Cereais e derivados"
1595,"Pão, glúten, forma",252.994,11.951,44.119,100,"Cereais e derivados"
1596,"Pão, milho, forma",292.013,8.303,56.397,100,"Cereais e derivados"
1597,"Pão, trigo, forma, integral",253.194,9.42517,49.9415,100,"Cereais e derivados"
1598,"Pão, trigo, francês",299.81,7.95357,58.6464,100,"Cereais e derivados"
1599,"Pão, trigo, sovado",310.965,8.398,61.452,100,"Cereais e derivados"
1600,"Pastel, de carne, cru",288.702,10.7407,42.0166,100,"Cereais e derivados"
1601,"Pastel, de carne, frito",388.375,10.1042,43.7678,100,"Cereais e derivados"
1602,"Pastel, de queijo, cru",308.474,9.8534,45.9479,100,"Cereais e derivados"
1603,"Pastel, de queijo, frito",422.112,8.7096,48.1327,100,"Cereais e derivados"
1604,"Pastel, massa, crua",310.203,6.9027,57.3796,100,"Cereais e derivados"
1605,"Pastel, massa, frita",569.672,6.0192,49.3431,100,"Cereais e derivados"
1606,"Pé-de-moleque, amendoim",503.19,13.1622,54.7304,100,"Leguminosas e derivados"
1607,"Pepino, cru",9.53369,0.869565,2.0371,100,"Verduras, hortaliças e derivados"
1608,"Pequi, cru",204.967,2.33542,12.9729,100,"Frutas e derivados"
1609,"Pêra, Park, crua",60.5886,0.235417,16.0749,100,"Frutas e derivados"
1610,"Pêra, Williams, crua",53.309,0.565217,14.0248,100,"Frutas e derivados"
1611,"Peru, congelado, assado",163.071,26.2021,0,100,"Carnes e derivados"
1612,"Peru, congelado, cru",93.7224,18.0833,0,100,"Carnes e derivados"
1613,"Pescada, branca, crua",110.876,16.2633,0,100,"Pescados e frutos do mar"
1614,"Pescada, branca, frita",223.04,27.3563,0,100,"Pescados e frutos do mar"
1615,"Pescada, filé, com farinha de trigo, frito",283.425,21.4354,5.03325,100,"Pescados e frutos do mar"
1616,"Pescada, filé, cru",107.206,16.65,0,100,"Pescados e frutos do mar"
1617,"Pescada, filé, frito",154.27,28.5875,0,100,"Pescados e frutos do mar"
1618,"Pescada, filé, molho escabeche",141.958,11.75,5.01533,100,"Pescados e frutos do mar"
1619,"Pescadinha, crua",76.4089,15.4792,0,100,"Pescados e frutos do mar"
1620,"Pêssego, Aurora, cru",36.3276,0.825,9.321,100,"Frutas e derivados"
1621,"Pêssego, enlatado, em calda",63.1424,0.706522,16.8801,100,"Frutas e derivados"
1622,"Pimentão, amarelo, cru",27.9275,1.22464,5.96203,100,"Verduras, hortaliças e derivados"
1623,"Pimentão, verde, cru",21.2859,1.05072,4.89261,100,"Verduras, hortaliças e derivados"
1624,"Pimentão, vermelho, cru",23.2814,1.03986,5.46681,100,"Verduras, hortaliças e derivados"
1625,"Pinha, crua",88.4735,1.48542,22.4479,100,"Frutas e derivados"
1626,"Pinhão, cozido",174.37,2.98037,43.9176,100,"Nozes e sementes"
1627,"Pintado, assado",191.559,36.45,0,100,"Pescados e frutos do mar"
1628,"Pintado, cru",91.0832,18.5567,0,100,"Pescados e frutos do mar"
1629,"Pintado, grelhado",152.19,30.7958,0,100,"Pescados e frutos do mar"
1630,"Pipoca, com óleo de soja, sem sal",448.334,9.92708,70.3126,100,"Cereais e derivados"
1631,"Pitanga, crua",41.4155,0.929167,10.2442,100,"Frutas e derivados"
1632,"Pitanga, polpa, congelada",19.1055,0.285417,4.75858,100,"Frutas e derivados"
1633,"Polenta, pré-cozida",102.741,2.29167,23.3117,100,"Cereais e derivados"
1634,"Polvilho, doce",351.227,0.43,86.7733,100,"Verduras, hortaliças e derivados"
1635,"Porco, bisteca, crua",164.115,21.5,0,100,"Carnes e derivados"
1636,"Porco, bisteca, frita",311.169,33.7479,0,100,"Carnes e derivados"
1637,"Porco, bisteca, grelhada",280.084,28.8896,0,100,"Carnes e derivados"
1638,"Porco, costela, assada",402.168,30.2229,0,100,"Carnes e derivados"
1639,"Porco, costela, crua",255.606,18,0,100,"Carnes e derivados"
1640,"Porco, lombo, assado",210.235,35.725,0,100,"Carnes e derivados"
1641,"Porco, lombo, cru",175.625,22.6042,0,100,"Carnes e derivados"
1642,"Porco, orelha, salgada, crua",258.492,18.5208,0,100,"Carnes e derivados"
1643,"Porco, pernil, assado",262.26,32.1333,0,100,"Carnes e derivados"
1644,"Porco, pernil, cru",186.056,20.125,0,100,"Carnes e derivados"
1645,"Porco, rabo, salgado, cru",377.415,15.5813,0,100,"Carnes e derivados"
1646,"Porquinho, cru",93.0246,20.49,0,100,"Pescados e frutos do mar"
1647,"Presunto, com capa de gordura",127.849,14.3708,1.3975,100,"Carnes e derivados"
1648,"Presunto, sem capa de gordura",93.7433,14.2917,2.14567,100,"Carnes e derivados"
1649,"Pupunha, cozida",218.534,2.52292,29.5694,100,"Nozes e sementes"
1650,"Queijo, minas, frescal",264.273,17.411,3.24031,100,"Leite e derivados"
1651,"Queijo, minas, meia cura",320.722,21.2114,3.57296,100,"Leite e derivados"
1652,"Queijo, mozarela",329.871,22.649,3.04933,100,"Leite e derivados"
1653,"Queijo, parmesão",452.964,35.5536,1.66072,100,"Leite e derivados"
1654,"Queijo, pasteurizado",303.08,9.35733,5.67633,100,"Leite e derivados"
1655,"Queijo, petit suisse, morango",121.106,5.78666,18.462,100,"Leite e derivados"
1656,"Queijo, prato",359.88,22.6618,1.87857,100,"Leite e derivados"
1657,"Queijo, requeijão, cremoso",256.578,9.62955,2.43245,100,"Leite e derivados"
1658,"Queijo, ricota",139.732,12.6005,3.78617,100,"Leite e derivados"
1659,"Quiabo, cru",29.9393,1.91875,6.37392,100,"Verduras, hortaliças e derivados"
1660,"Quibe, assado",136.229,14.5938,12.8612,100,"Carnes e derivados"
1661,"Quibe, cru",109.491,12.3542,10.7742,100,"Carnes e derivados"
1662,"Quibe, frito",253.831,14.8896,12.3374,100,"Carnes e derivados"
1663,Quibebe,86.3492,8.55625,6.64408,100,"Alimentos preparados"
1664,Quindim,411.349,4.7375,46.2988,100,"Produtos açucarados"
1665,"Rabanete, cru",13.7381,1.3913,2.72536,100,"Verduras, hortaliças e derivados"
1666,Rapadura,351.958,0.989583,90.7924,100,"Produtos açucarados"
1667,"Refrigerante, tipo água tônica",30.7794,0,7.95333,100,Bebidas
1668,"Refrigerante, tipo cola",33.5142,0,8.66,100,Bebidas
1669,"Refrigerante, tipo guaraná",38.7,0,10,100,Bebidas
1670,"Refrigerante, tipo laranja",45.6273,0,11.79,100,Bebidas
1671,"Refrigerante, tipo limão",39.7191,0,10.2633,100,Bebidas
1672,"Repolho, branco, cru",17.1188,0.876812,3.85986,100,"Verduras, hortaliças e derivados"
1673,"Repolho, roxo, cru",30.9075,1.90833,7.204,100,"Verduras, hortaliças e derivados"
1674,"Repolho, roxo, refogado",41.7735,1.80208,7.56158,100,"Verduras, hortaliças e derivados"
1675,"Romã, crua",55.739,0.404167,15.1058,100,"Frutas e derivados"
1676,"Rúcula, crua",13.1333,1.76667,2.21967,100,"Verduras, hortaliças e derivados"
1677,"Sal, dietético",0,0,0,100,Miscelâneas
1678,"Sal, grosso",0,0,0,100,Miscelâneas
1679,"Salada, de legumes, com maionese",96.1036,1.05,8.924,100,"Alimentos preparados"
1680,"Salada, de legumes, cozida no vapor",35.4081,2.00625,7.08908,100,"Alimentos preparados"
1681,Salame,397.842,25.8104,2.90625,100,"Carnes e derivados"
1682,"Salmão, filé, com pele, fresco,  grelhado",228.732,23.9188,0,100,"Pescados e frutos do mar"
1683,"Salmão, sem pele, fresco, cru",169.782,19.2521,0,100,"Pescados e frutos do mar"
1684,"Salmão, sem pele, fresco, grelhado",242.707,26.1417,0,100,"Pescados e frutos do mar"
1685,"Salpicão, de frango",147.865,13.925,4.569,100,"Alimentos preparados"
1686,"Salsa, crua",33.4241,3.25725,5.70609,100,"Verduras, hortaliças e derivados"
1687,Sarapatel,122.982,18.4729,1.09408,100,"Alimentos preparados"
1688,"Sardinha, assada",164.351,32.1792,0,100,"Pescados e frutos do mar"
1689,"Sardinha, conserva em óleo",284.981,15.9396,0,100,"Pescados e frutos do mar"
1690,"Sardinha, frita",257.041,33.3833,0,100,"Pescados e frutos do mar"
1691,"Sardinha, inteira, crua",113.9,21.0767,0,100,"Pescados e frutos do mar"
1692,"Seleta de legumes, enlatada",56.5338,3.42029,12.6697,100,"Verduras, hortaliças e derivados"
1693,"Serralha, crua",30.3979,2.67292,4.94675,100,"Verduras, hortaliças e derivados"
1694,Shoyu,60.9277,3.3125,11.6475,100,Miscelâneas
1695,"Soja, exato solúvel, pó",458.896,35.6875,28.4828,100,"Leguminosas e derivados"
1696,"Soja, exato solúvel, tural, fluido",39.1049,2.38107,4.27526,100,"Leguminosas e derivados"
1697,"Soja, farinha",403.956,36.0301,38.4399,100,"Leguminosas e derivados"
1698,"Soja, queijo (tofu)",64.4851,6.55318,2.12682,100,"Leguminosas e derivados"
1699,Tabule,57.4535,2.04633,10.581,100,"Alimentos preparados"
1700,Tacacá,46.8892,6.95833,3.39,100,"Alimentos preparados"
1701,"Taioba, crua",34.2089,2.89583,5.4305,100,"Verduras, hortaliças e derivados"
1702,"Tamarindo, cru",275.696,3.20625,72.5318,100,"Frutas e derivados"
1703,"Tangeri, Poncã, crua",37.8306,0.847826,9.61,100,"Frutas e derivados"
1704,"Tangeri, Poncã, suco",36.1088,0.521739,8.8,100,"Frutas e derivados"
1705,"Tapioca, com manteiga",347.827,0.0895833,63.5918,100,"Alimentos preparados"
1706,"Tempero a base de sal",21.33,2.66667,2.07333,100,Miscelâneas
1707,"Tomate, com semente, cru",15.3352,1.09783,3.13884,100,"Verduras, hortaliças e derivados"
1708,"Tomate, exato",60.9334,2.43478,14.9586,100,"Verduras, hortaliças e derivados"
1709,"Tomate, molho industrializado",38.4465,1.375,7.71167,100,"Verduras, hortaliças e derivados"
1710,"Tomate, purê",27.9369,1.36232,6.89435,100,"Verduras, hortaliças e derivados"
1711,"Tomate, salada",20.5469,0.810417,5.11792,100,"Verduras, hortaliças e derivados"
1712,"Torrada, pão francês",377.422,10.5241,74.5559,100,"Cereais e derivados"
1713,"Toucinho, cru",592.531,11.4792,0,100,"Carnes e derivados"
1714,"Toucinho, frito",696.564,27.2833,0,100,"Carnes e derivados"
1715,"Tremoço, cru",381.278,33.575,43.7863,100,"Leguminosas e derivados"
1716,"Tremoço, em conserva",120.643,11.1083,12.3893,100,"Leguminosas e derivados"
1717,"Tucumã, cru",262.015,2.09375,26.4746,100,"Frutas e derivados"
1718,"Tucunaré, filé, congelado, cru",87.6865,17.9583,-0.045,100,"Pescados e frutos do mar"
1719,"Tucupi, com pimenta-de-cheiro",27.1838,2.05625,4.73775,100,"Alimentos preparados"
1720,"Umbu, cru",37.0167,0.841667,9.39533,100,"Frutas e derivados"
1721,"Umbu, polpa, congelada",33.9433,0.5125,8.78683,100,"Frutas e derivados"
1722,"Uva, Itália, crua",52.8731,0.746377,13.5733,100,"Frutas e derivados"
1723,"Uva, Rubi, crua",49.0613,0.608333,12.6953,100,"Frutas e derivados"
1724,"Uva, suco concenado, envasado",57.6554,0,14.708,100,"Frutas e derivados"
1725,"Vaca atolada",144.897,5.12292,10.0614,100,"Alimentos preparados"
1726,"Vagem, crua",24.8984,1.78623,5.3471,100,"Verduras, hortaliças e derivados"
1727,Vatapá,254.893,5.99783,9.7485,100,"Alimentos preparados"
1728,"Virado à paulista",306.947,10.1812,14.1091,100,"Alimentos preparados"
1729,Yakisoba,112.802,7.51667,18.2513,100,"Alimentos preparados"
1730,,0,0,0,100,
1731,,0,0,0,100,
1732,,0,0,0,100,
